[
	{
		"__TYPE__": "SharedSliceContent",
		"variation": "default",
		"primary": {
			"text_card_title": {
				"__TYPE__": "StructuredTextContent",
				"value": [
					{
						"type": "heading3",
						"content": {
							"text": "While"
						}
					}
				]
			},
			"text_card_subtitle": {
				"__TYPE__": "StructuredTextContent",
				"value": [
					{
						"type": "paragraph",
						"content": {
							"text": "Sint ipsum ipsum officia labore voluptate fugiat. Commodo mollit do ex eu eiusmod culpa elit excepteur. Aliquip magna proident in sint minim nulla ex cillum nisi reprehenderit velit."
						}
					}
				]
			}
		},
		"items": [
			{
				"__TYPE__": "GroupItemContent",
				"value": [
					[
						"image",
						{
							"origin": {
								"id": "main",
								"url": "https://images.unsplash.com/photo-1591012911207-0dbac31f37da",
								"width": 4000,
								"height": 4000
							},
							"url": "https://images.unsplash.com/photo-1591012911207-0dbac31f37da",
							"width": 4000,
							"height": 4000,
							"edit": {
								"zoom": 1,
								"crop": {
									"x": 0,
									"y": 0
								},
								"background": "transparent"
							},
							"credits": null,
							"alt": null,
							"__TYPE__": "ImageContent",
							"thumbnails": {}
						}
					],
					[
						"title",
						{
							"__TYPE__": "StructuredTextContent",
							"value": [
								{
									"type": "heading4",
									"content": {
										"text": "Broken"
									}
								}
							]
						}
					],
					[
						"text",
						{
							"__TYPE__": "StructuredTextContent",
							"value": [
								{
									"type": "paragraph",
									"content": {
										"text": "Fugiat cupidatat ut cupidatat non. Cillum pariatur elit labore ad sint excepteur laborum non sit enim. Ad id enim adipisicing laborum eu excepteur dolor labore consectetur."
									}
								}
							]
						}
					],
					[
						"score",
						{
							"__TYPE__": "FieldContent",
							"value": "89",
							"type": "Number"
						}
					]
				]
			}
		]
	}
]