{
  "id": "testimonial_section",
  "type": "SharedSlice",
  "name": "TestimonialSection",
  "description": "TestimonialSection",
  "variations": [
    {
      "id": "default",
      "name": "Default",
      "docURL": "...",
      "version": "initial",
      "description": "Default",
      "imageUrl": "",
      "primary": {
        "text_card_title": {
          "type": "StructuredText",
          "config": {
            "label": "Text Card Title",
            "placeholder": "",
            "allowTargetBlank": true,
            "single": "heading3"
          }
        },
        "text_card_subtitle": {
          "type": "StructuredText",
          "config": {
            "label": "Text Card Subtitle",
            "placeholder": "",
            "allowTargetBlank": true,
            "single": "paragraph"
          }
        }
      },
      "items": {
        "image": {
          "type": "Image",
          "config": {
            "label": "Image",
            "constraint": {},
            "thumbnails": []
          }
        },
        "title": {
          "type": "StructuredText",
          "config": {
            "label": "Title",
            "placeholder": "",
            "allowTargetBlank": true,
            "single": "heading4"
          }
        },
        "text": {
          "type": "StructuredText",
          "config": {
            "label": "Text",
            "placeholder": "",
            "allowTargetBlank": true,
            "single": "paragraph"
          }
        },
        "score": {
          "type": "Number",
          "config": {
            "label": "Score",
            "placeholder": ""
          }
        }
      }
    }
  ]
}