{
  "id": "navbar",
  "label": "NavBar",
  "format": "custom",
  "repeatable": false,
  "status": true,
  "json": {
    "Main": {
      "navigation": {
        "type": "Group",
        "config": {
          "label": "navigation",
          "repeat": true,
          "fields": {
            "label": {
              "type": "Text",
              "config": {
                "label": "label",
                "placeholder": ""
              }
            },
            "link": {
              "type": "Link",
              "config": {
                "label": "link",
                "placeholder": "",
                "select": null
              }
            }
          }
        }
      }
    }
  }
}
