{
  "id": "about_section",
  "type": "SharedSlice",
  "name": "AboutSection",
  "description": "AboutSection",
  "variations": [
    {
      "id": "default",
      "name": "Default",
      "docURL": "...",
      "version": "initial",
      "description": "Default",
      "imageUrl": "",
      "primary": {
        "company_image": {
          "type": "Image",
          "config": {
            "label": "Company Image",
            "constraint": {},
            "thumbnails": []
          }
        },
        "company_name": {
          "type": "Text",
          "config": {
            "label": "Company Name",
            "placeholder": ""
          }
        },
        "text": {
          "type": "StructuredText",
          "config": {
            "label": "Text",
            "placeholder": "",
            "allowTargetBlank": true,
            "multi": "paragraph"
          }
        },
        "text_card_title": {
          "type": "StructuredText",
          "config": {
            "label": "Text Card Title",
            "placeholder": "",
            "allowTargetBlank": true,
            "single": "heading3"
          }
        },
        "text_card_subtitle": {
          "type": "StructuredText",
          "config": {
            "label": "Text Card Subtitle",
            "placeholder": "",
            "allowTargetBlank": true,
            "single": "paragraph"
          }
        },
        "paragraph_text_card_title": {
          "type": "StructuredText",
          "config": {
            "label": "Paragraph Text Card Title",
            "placeholder": "",
            "allowTargetBlank": true,
            "single": "heading3"
          }
        },
        "paragraph_text_card_subtitle": {
          "type": "StructuredText",
          "config": {
            "label": "Paragraph Text Card Subtitle",
            "placeholder": "",
            "allowTargetBlank": true,
            "single": "paragraph,preformatted,heading1,heading2,heading3,heading4,heading5,heading6,strong,em,hyperlink,image,embed,list-item,o-list-item,rtl"
          }
        }
      },
      "items": {
        "image": {
          "type": "Image",
          "config": {
            "label": "Image",
            "constraint": {},
            "thumbnails": []
          }
        },
        "title": {
          "type": "StructuredText",
          "config": {
            "label": "Title",
            "placeholder": "",
            "allowTargetBlank": true,
            "single": "heading2"
          }
        },
        "description": {
          "type": "StructuredText",
          "config": {
            "label": "Description",
            "placeholder": "",
            "allowTargetBlank": true,
            "single": "paragraph"
          }
        }
      }
    }
  ]
}